game_on_inserts

INSERT INTO boardgame (inventory_id, title, description, avg_playtime, designer, artist, publisher, categories, year_released, min_player_count, max_player_count, image_url, cost, sales_price)
VALUES
    (1, 'Galactic Conquest: The Celestial Odyssey', 'A space-themed strategy board game of cosmic exploration.', 90, 'Aurora Starfall', 'Nova Illustrations', 'Stellar Games', 'Strategy, Sci-Fi', '2020-07-15', 2, 4, 'galactic_conquest.jpg', 29.99, 59.98),
    (4, 'Mystic Realms: Quest for the Eternal Amulet', 'Embark on a mystical quest to find a powerful amulet in a fantasy world.', 120, 'Eldritch Sage', 'Astral Arts', 'Enchanted Realms', 'Adventure, Fantasy', '2019-05-28', 2, 5, 'mystic_realms.jpg', 18.50, 36.99),
    (5, 'Island Explorers: The Lost Archipelago', 'Discover hidden treasures on a remote island in this cooperative adventure.', 60, 'Marina Solstice', 'Tropical Studios', 'Adventure Games, Exploration', '2021-02-10', 2, 4, 'island_explorers.jpg', 72.75, 145.50),
    (6, 'Chrono Clash: Time Travel Tactics', 'Master the art of time travel in this tactical board game.', 75, 'Dr. Aeon Chronos', 'Temporal Creations', 'Temporal Games', 'Strategy, Time Travel', '2018-11-03', 2, 4, 'chrono_clash.jpg', 56.25, 112.50),
    (8, 'Steam Punked: Clockwork Revolution', 'Build and battle steam-powered contraptions in a steampunk world.', 90, 'Professor Gearheart', 'Cogwheel Innovations', 'Steampunk Games', 'Strategy, Steampunk', '2017-09-22', 2, 6, 'steam_punked.jpg', 90.00, 180.00),
    (10, 'Alchemy Alcove: Potions and Puzzles', 'Brew magical potions and solve puzzles in an enchanted alcove.', 45, 'Morgana Spellweaver', 'Enchanted Designs', 'Enchanted Games', 'Puzzle, Fantasy', '2020-03-12', 1, 4, 'alchemy_alcove.jpg', 37.80, 75.60),
    (12, 'Lunar Labyrinth: Moonlight Mazes', 'Navigate intricate mazes on the moon under the moonlight.', 60, 'Stella Stardust', 'Celestial Studios', 'Celestial Games', 'Puzzle, Sci-Fi', '2019-08-17', 1, 3, 'lunar_labyrinth.jpg', 42.75, 85.50),
    (13, 'Cryptic Chronicles: Mythical Adventures', 'Embark on mythical adventures in a world filled with legends.', 90, 'Myron Mythos', 'Mythical Illustrations', 'Mythical Games', 'Adventure, Mythology', '2020-01-05', 2, 5, 'cryptic_chronicles.jpg', 63.40, 126.80),
    (15, 'Magical Realms: Sorcery and Secrets', 'Unveil hidden secrets and cast spells in a magical realm.', 75, 'Elara Enchantment', 'Mystical Arts', 'Mystical Games', 'Adventure, Magic', '2018-06-09', 2, 4, 'magical_realms.jpg', 24.99, 49.98),
    (17, 'Dimensional Drifters: Time and Space Duel', 'Engage in epic duels across different dimensions and timelines.', 45, 'Temporal Duelist', 'Interdimensional Artifacts', 'Interdimensional Games', 'Strategy, Duel', '2019-12-01', 2, 2, 'dimensional_drifters.jpg', 10.99, 21.98)
    (18, 'Stealth Ops: Shadow Infiltrators', 'Become a shadowy operative and complete covert missions.', 90, 'Silent Shadow', 'Covert Designs', 'Covert Games', 'Strategy, Espionage', '2020-10-20', 1, 4, 'stealth_ops.jpg', 84.25, 168.50),
    (178, 'Settlers of Catan', 'A classic game of resource management and trading.', 60, 'Klaus Teuber', 'Michael Menzel', 'Catan GmbH', 'Strategy, Family', 1995, 3, 4, 'https://example.com/catan.jpg', 29.99, 39.99),
    (179, 'Ticket to Ride', 'A railway-themed game where players collect train cards to build routes.', 45, 'Alan R. Moon', 'Julien Delval', 'Days of Wonder', 'Strategy, Family', 2004, 2, 5, 'https://example.com/ttr.jpg', 44.95, 54.99),
    (180, 'Carcassonne', 'In this tile-laying game, players build a medieval landscape by placing tiles to create cities, roads, and fields.', 35, 'Klaus-Jürgen Wrede', 'Claus Stephan', 'Z-Man Games', 'Strategy, Family', 2000, 2, 5, 'https://example.com/carcassonne.jpg', 29.99, 34.99),
    (181, 'Pandemic', 'A cooperative game where players work together as members of a disease-fighting team to stop the outbreak of deadly diseases.', 45, 'Matt Leacock', 'Chris Quilliams', 'Z-Man Games', 'Strategy, Cooperative', 2008, 2, 4, 'https://example.com/pandemic.jpg', 39.99, 49.99),
    (182, 'Risk', 'A classic game of world domination where players deploy armies, make alliances, and engage in strategic battles.', 120, 'Albert Lamorisse', 'N/A', 'Hasbro', 'Strategy', 1957, 2, 6, 'https://example.com/risk.jpg', 24.99, 29.99),
    (183, 'Terraforming Mars', 'Set on the Red Planet, players compete to develop and terraform Mars, making it habitable for humans.', 120, 'Jacob Fryxelius', 'Isaac Fryxelius', 'Stronghold Games', 'Strategy', 2016, 1, 5, 'https://example.com/terraforming-mars.jpg', 59.95, 69.95),
    (184, 'Dominion', 'A deck-building card game where players build their decks by acquiring new cards with different abilities.', 30, 'Donald X. Vaccarino', 'Matthias Catrein', 'Rio Grande Games', 'Strategy', 2008, 2, 4, 'https://example.com/dominion.jpg', 44.99, 54.99),
    (185, 'Twilight Struggle', 'A two-player game set during the Cold War, where players represent the United States and the Soviet Union and engage in political and military conflicts.', 180, 'Ananda Gupta and Jason Matthews', 'Chechu Nieto', 'GMT Games', 'Strategy', 2005, 2, 2, 'https://example.com/twilight-struggle.jpg', 54.99, 64.99),
    (186, 'Agricola', 'A game of farming and resource management where players build a successful farm and feed their family while expanding their operations.', 150, 'Uwe Rosenberg', 'Klemens Franz', 'Z-Man Games', 'Strategy', 2007, 1, 5, 'https://example.com/agricola.jpg', 49.95, 59.95),
    (187, 'Seven Wonders', 'A card-drafting game where players lead their civilizations through three ages, making strategic decisions to gain an advantage.', 30, 'Antoine Bauza', 'Miguel Coimbra', 'Repos Production', 'Strategy', 2010, 2, 7, 'https://example.com/seven-wonders.jpg', 39.99, 44.99),
    (188, 'Cosmic Odyssey', 'A space exploration game among the stars.', 90, 'Stellar Games', 'Nova Art', 'Cosmic Entertainment', 'Strategy, Sci-Fi', 2022, 2, 4, 'https://example.com/cosmic-odyssey.jpg', 34.99, 44.99),
    (189, "Dragon's Hoard", 'Adventure awaits as players take on mighty dragons.', 75, 'Mystic Studios', 'Dragon Masters', 'Fantasy, Adventure', 2022, 2, 6, 'https://example.com/dragons-hoard.jpg', 29.99, 39.99),
    (190, 'Time Travelers', 'Embark on an epic journey through history.', 120, 'Chrono Games', 'Time Travel Art', 'Adventure, Time Travel', 2022, 1, 5, 'https://example.com/time-travelers.jpg', 44.95, 54.99),
    (191, "Wizard's Academy", 'Learn the secrets of magic in a mystical school.', 60, 'MagicCrafters', 'Enchanted Artistry', 'Fantasy, Magic', 2022, 2, 4, 'https://example.com/wizards-academy.jpg', 49.99, 59.99),
    (192, 'Undersea Quest', 'Dive into the depths of the ocean on a grand adventure.', 90, 'Abyssal Games', 'Undersea Art', 'Adventure, Underwater', 2022, 2, 5, 'https://example.com/undersea-quest.jpg', 39.99, 49.99),
    (193, 'Galactic Conquest', 'Lead your fleets to interstellar victory in this epic strategy game.', 120, 'Cosmic Strategies', 'Alien Art', 'Strategy, Sci-Fi', 2022, 3, 6, 'https://example.com/galactic-conquest.jpg', 59.95, 69.95),
    (194, 'Lost City of Atlantis', 'Embark on an underwater quest to uncover the secrets of Atlantis.', 75, 'Aqua Explorers', 'Atlantis Art', 'Adventure, Mythology', 2022, 2, 4, 'https://example.com/atlantis-quest.jpg', 34.99, 44.99),
    (195, 'Epic Heists', 'Plan daring heists in this thrilling strategy game.', 60, 'HeistMasters', 'Mastermind Art', 'Strategy, Crime', 2022, 2, 4, 'https://example.com/epic-heists.jpg', 29.99, 39.99),
    (196, "Pirate's Plunder", 'Sail the high seas as a legendary pirate captain.', 90, 'Pirate Legends', 'Pirate Art', 'Adventure, Pirate', 2022, 3, 5, 'https://example.com/pirates-plunder.jpg', 49.99, 59.99),
    (197, 'Mystic Realms', 'A cooperative quest to save the realm from dark forces.', 90, 'Enchanted Studios', 'Fantasy Art', 'Adventure, Fantasy', 2022, 1, 4, 'https://example.com/mystic-realms.jpg', 42.99, 52.99),
    (188, 'Eldritch Horror', 'A cooperative game of global investigation and cosmic horror.', 120, 'Corey Konieczka', 'Nikki Storme', 'Fantasy Flight Games', 'Horror, Adventure', 2013, 1, 8, 'https://example.com/game1.jpg', 44.99, 89.99),
    (189, 'Splendor', 'Collect gems, acquire cards, and build the most impressive jewelry shop.', 30, 'Marc André', 'Pascal Quidault', 'Space Cowboys', 'Economic, Card Game', 2014, 2, 4, 'https://example.com/game2.jpg', 34.95, 69.99),
    (190, "Tzolk'in: The Mayan Calendar", 'Manage your worker placement to develop the Mayan civilization.', 90, 'Simone Luciani, Daniele Tascini', 'Wiesław Wilma', 'Czech Games Edition', 'Civilization, Economic', 2012, 2, 4, 'https://example.com/game3.jpg', 49.99, 99.95),
    (191, 'Lords of Waterdeep', 'Recruit adventurers and complete quests in the city of Waterdeep.', 60, 'Peter Lee, Rodney Thompson', 'Various Artists', 'Wizards of the Coast', 'Fantasy, Worker Placement', 2012, 2, 5, 'https://example.com/game4.jpg', 39.95, 79.99),
    (192, 'The Castles of Burgundy', 'Build and develop your own principality in medieval France.', 30, 'Stefan Feld', 'Julien Delval, Harald Lieske', 'Ravensburger', 'Medieval, Tile Placement', 2011, 2, 4, 'https://example.com/game5.jpg', 34.99, 69.95),
    (193, 'Keyflower', 'Lead a village by bidding on tiles and utilizing resources effectively.', 90, 'Richard Breese', 'Julien Delval', 'R&D Games, Game Salute', 'Economic, Tile Placement', 2012, 2, 6, 'https://example.com/game6.jpg', 42.50, 84.99),
    (194, 'Scythe', 'Engage in a competitive 1920s alternate-history universe with unique factions.', 115, 'Jamey Stegmaier', 'Jakub Rozalski', 'Stonemaier Games', 'Alternate History, Combat', 2016, 1, 7, 'https://example.com/game7.jpg', 54.95, 109.99),
    (195, 'Terra Mystica', "Build your fantasy faction's power and terraform the land to your advantage.", 100, 'Jens Drögemüller, Helge Ostertag', 'Dennis Lohausen', 'Feuerland Spiele', 'Fantasy, Civilization', 2012, 2, 5, 'https://example.com/game8.jpg', 49.95, 99.99),
    (196, 'Concordia', 'Expand your Roman trade network and develop cities in ancient times.', 100, 'Mac Gerdts', 'Marina Fahrenbach', 'Rio Grande Games', 'Economic, Civilization', 2013, 2, 5, 'https://example.com/game9.jpg', 47.50, 94.99),
    (197, 'Dominant Species', 'Survival of the fittest in a prehistoric world with evolving species.', 180, 'Chad Jensen', 'N/A', 'GMT Games', 'Prehistoric, Evolution', 2010, 2, 6, 'https://example.com/game10.jpg', 59.99, 119.99);



INSERT INTO comic (inventory_id, title, story, language, page_count, author, artist, publisher, genre, upc, image_url)
VALUES
    (2, 'The Cosmic Crusaders', 'Join the heroes on an epic intergalactic adventure.', 'English', 160, 'John Stellar', 'Luna Nova', 'Galactic Comics', 'Sci-Fi, Superhero', 9781234567890, 'https://example.com/comic1.jpg', 2.25, 4.99),
    (7, 'Mystery Tales: Enigma Unveiled', 'Unravel the mysteries of a hidden world.', 'English', 128, 'Detective Noir', 'Mystery Art', 'Enigma Publishing', 'Mystery, Suspense', 9789876543210, 'https://example.com/comic2.jpg', 2.10, 3.99),
    (14, 'Mythical Legends: Quest for the Artifact', 'Embark on a quest to uncover ancient artifacts.', 'English', 144, 'Adventurer Quester', 'Mythical Artistry', 'Legends Comics', 'Adventure, Mythology', 9785678901234, 'https://example.com/comic3.jpg', 2.35, 4.50),
    (20, 'The Cursed Chronicles: Haunting Whispers', 'Face the supernatural in a chilling tale of horror.', 'English', 112, 'Horror Master', 'Eerie Illustrations', 'Creepy Comics', 'Horror, Paranormal', 9783456789012, 'https://example.com/comic4.jpg', 2.50, 4.99),
    (140, 'The Lost Relic: Forgotten Mysteries', 'Uncover the secrets of a long-lost civilization.', 'English', 140, 'Archaeologist Explorer', 'Ancient Artworks', 'Discovery Comics', 'Adventure, Mystery', 9781928374650, 'https://example.com/comic5.jpg', 2.20, 4.75),
    (141, 'Quantum Chronicles: Time Warp Odyssey', 'Travel through time and dimensions in an epic sci-fi adventure.', 'English', 152, 'Temporal Voyager', 'Cosmic Visions', 'Time Travel Publications', 'Sci-Fi, Time Travel', 9787465249382, 'https://example.com/comic6.jpg', 2.15, 4.99),
    (142, 'Curse of the Vampires: Blood Moon Rising', 'Enter a world of darkness and uncover the truth about vampires.', 'English', 118, 'Vampire Hunter', 'Gothic Illustrations', 'Eclipse Comics', 'Horror, Vampire', 9785498712345, 'https://example.com/comic7.jpg', 2.30, 4.50),
    (143, 'Legends of the Underworld: Shadow Realms', 'Explore the mythical underworld in an epic fantasy tale.', 'English', 132, 'Realm Seeker', 'Mythical Dreams', 'Dark Arts Publishing', 'Fantasy, Mythology', 9782765489301, 'https://example.com/comic8.jpg', 2.40, 4.75),
    (144, 'Timeless Heroes: Chronicles of Bravery', 'Witness the heroics of timeless legends.', 'English', 126, 'Heroic Defender', 'Timeless Artistry', 'Eternal Comics', 'Superhero, Adventure', 9789999999999, 'https://example.com/comic45.jpg', 2.25, 4.99),
    (145, 'The Enchanted Forest: Magical Quest', 'Embark on a journey to a mystical forest full of enchantment.', 'English', 136, 'Enchanted Explorer', 'Mystical Creations', 'Enchanted Tales Publications', 'Fantasy, Adventure', 9781111111111, 'https://example.com/comic46.jpg', 2.20, 4.50),
    (146, 'The Quantum Paradox: Alternate Realities', 'Explore the mind-bending world of parallel universes.', 'English', 148, 'Parallel Explorer', 'Reality Warper', 'Quantum Comics', 'Sci-Fi, Adventure', 9785555555555, 'https://example.com/comic146.jpg', 2.25, 4.99),
    (147, 'Secrets of the Sphinx: Lost Treasures of Egypt', 'Unearth the secrets buried beneath the Great Sphinx.', 'English', 122, 'Egyptologist Adventurer', 'Hieroglyphic Arts', 'Archaeology Publications', 'Adventure, Mystery', 9784444444444, 'https://example.com/comic147.jpg', 2.20, 4.75),
    (148, 'Cursed Scrolls: Dark Prophecies', 'Unlock the sinister predictions hidden in ancient scrolls.', 'English', 132, 'Scroll Historian', 'Shadowy Illustrations', 'Dark Prophecies Comics', 'Horror, Supernatural', 9783333333333, 'https://example.com/comic148.jpg', 2.30, 4.50),
    (149, 'Mythical Odyssey: Quest for the Legendary Relics', 'Journey through mythical realms in search of legendary artifacts.', 'English', 136, 'Mythical Adventurer', 'Epic Quester', 'Legends Publishing', 'Fantasy, Mythology', 9782222222222, 'https://example.com/comic149.jpg', 2.40, 4.99),
    (150, 'Dimensional Heroes: Guardians of the Multiverse', 'Meet the protectors of the multiverse in this epic saga.', 'English', 154, 'Guardian Defender', 'Multiverse Guardians', 'Heroic Comics', 'Superhero, Sci-Fi', 9781111111112, 'https://example.com/comic150.jpg', 2.25, 4.50),
    (151, 'Time Traveler''s Dilemma: Temporal Adventures', 'Navigate the complexities of time travel in thrilling adventures.', 'English', 160, 'Temporal Explorer', 'Chrono Artistry', 'Temporal Comics', 'Sci-Fi, Adventure', 9789999999999, 'https://example.com/comic151.jpg', 2.30, 4.99),
    (152, 'Lost in the Amazon: Jungle Expedition', 'Survive the Amazon rainforest in an epic adventure.', 'English', 132, 'Explorer Extraordinaire', 'Jungle Illustrations', 'Wilderness Publications', 'Adventure, Survival', 9788888888888, 'https://example.com/comic152.jpg', 2.25, 4.75),
    (153, 'Curse of the Crypt: Dark Secrets Unveiled', 'Face the horrors concealed within an ancient crypt.', 'English', 140, 'Crypt Archaeologist', 'Cryptic Arts', 'Cryptic Comics', 'Horror, Mystery', 9787777777777, 'https://example.com/comic153.jpg', 2.35, 4.50),
    (154, 'Realm of Legends: Quest for Mythic Artifacts', 'Embark on a quest to discover fabled artifacts in enchanted realms.', 'English', 148, 'Legendary Quester', 'Mythic Illustrations', 'Fabled Publications', 'Fantasy, Mythology', 9786666666666, 'https://example.com/comic154.jpg', 2.40, 4.99),
    (155, 'Cosmic Guardians: Protectors of the Universe', 'Join the cosmic defenders in safeguarding the universe.', 'English', 156, 'Galactic Protector', 'Cosmic Guardians', 'Cosmic Comics', 'Superhero, Sci-Fi', 9785555555555, 'https://example.com/comic155.jpg', 2.30, 4.50),
    (156, 'Cybernetic Chronicles: Virtual Reality Adventures', 'Dive into the world of virtual reality and experience thrilling adventures.', 'English', 144, 'VR Explorer', 'Virtual Artistry', 'Digital Comics', 'Sci-Fi, Virtual Reality', 9784444444444, 'https://example.com/comic156.jpg', 2.25, 4.99),
    (157, 'Detective Noir: The Mysterious Heist', 'Solve a high-stakes heist mystery with Detective Noir.', 'English', 136, 'Detective Noir', 'Mystery Art', 'Enigma Publishing', 'Mystery, Crime', 9783333333333, 'https://example.com/comic157.jpg', 2.20, 3.99),
    (158, 'Legendary Quests: Mythic Adventures Await', 'Embark on legendary quests in a world of mythical adventures.', 'English', 152, 'Mythical Adventurer', 'Mythic Artistry', 'Legendary Comics', 'Fantasy, Adventure', 9782222222222, 'https://example.com/comic158.jpg', 2.30, 4.50),
    (159, 'Tales of Terror: Chilling Nightmares', 'Face terrifying nightmares and tales of horror.', 'English', 128, 'Horror Master', 'Eerie Illustrations', 'Creepy Comics', 'Horror, Supernatural', 9781111111111, 'https://example.com/comic159.jpg', 2.25, 4.75),
    (160, 'Parallel Realms: Multiverse Chronicles', 'Explore parallel universes and the multiverse in an epic journey.', 'English', 160, 'Multiverse Traveler', 'Realms Artistry', 'Multiverse Publications', 'Sci-Fi, Fantasy', 9780000000000, 'https://example.com/comic160.jpg', 2.35, 4.99),
    (161, 'Space Odyssey: Galactic Explorers', 'Join a team of explorers on a space odyssey beyond the stars.', 'English', 144, 'Stellar Explorer', 'Cosmic Artistry', 'Astro Comics', 'Sci-Fi, Space Adventure', 9781610000000, 'https://example.com/comic161.jpg', 2.20, 4.99),
    (162, 'Mysteries of the Past: Unearth Ancient Secrets', 'Uncover hidden secrets from the past in this thrilling adventure.', 'English', 152, 'Historical Sleuth', 'Ancient Illustrations', 'History Books', 'Adventure, History', 9781610000001, 'https://example.com/comic162.jpg', 2.25, 4.99),
    (163, 'Realm of Dragons: Epic Fantasy Quest', 'Embark on an epic fantasy quest in a world filled with dragons.', 'English', 168, 'Dragon Slayer', 'Fantasy Artistry', 'Dragon Comics', 'Fantasy, Adventure', 9781610000002, 'https://example.com/comic163.jpg', 2.30, 4.99),
    (164, 'Haunted Nightmares: Horror Chronicles', 'Face horrifying nightmares and supernatural terrors in the darkness.', 'English', 136, 'Nightmare Hunter', 'Eerie Illustrations', 'Creepy Comics', 'Horror, Supernatural', 9781610000003, 'https://example.com/comic164.jpg', 2.25, 4.75),
    (165, 'Digital Realms: Virtual Adventures Await', 'Enter the digital realms for mind-bending virtual adventures.', 'English', 160, 'Virtual Traveler', 'Digital Artistry', 'Virtual Comics', 'Sci-Fi, Virtual Reality', 9781610000004, 'https://example.com/comic165.jpg', 2.35, 4.99),
    (166, 'Dimensional Shift: Multiverse Crisis', 'Unravel the mysteries of a multiverse crisis and dimensional shifts.', 'English', 176, 'Multiverse Investigator', 'Parallel Artistry', 'Multiverse Comics', 'Sci-Fi, Multiverse Adventure', 9781660000000, 'https://example.com/comic166.jpg', 2.50, 5.49),
    (167, 'Curse of the Pharaohs: Ancient Egypt Mysteries', 'Delve into the mysteries of ancient Egypt and the curse of the pharaohs.', 'English', 148, 'Egyptologist Explorer', 'Hieroglyphic Illustrations', 'Pharaoh Comics', 'Adventure, Archaeology', 9781660000001, 'https://example.com/comic167.jpg', 2.30, 4.99),
    (168, 'Legends of Elaria: Epic Fantasy Saga', 'Embark on an epic fantasy saga in the mythical world of Elaria.', 'English', 162, 'Elarian Hero', 'Fantasy Artistry', 'Elaria Comics', 'Fantasy, Epic Adventure', 9781660000002, 'https://example.com/comic168.jpg', 2.60, 5.49),
    (169, 'Chills and Thrills: Spine-Tingling Horror', 'Experience spine-tingling horror and chilling thrills in this eerie collection.', 'English', 144, 'Horror Aficionado', 'Gothic Illustrations', 'Creepy Comics', 'Horror, Suspense', 9781660000003, 'https://example.com/comic169.jpg', 2.40, 4.75),
    (170, 'VR Odyssey: Virtual Reality Adventures', 'Embark on mind-bending virtual reality adventures in a digital world.', 'English', 154, 'VR Pioneer', 'Digital Artistry', 'VR Comics', 'Sci-Fi, Virtual Reality', 9781660000004, 'https://example.com/comic170.jpg', 2.55, 5.49),
    (171, 'Age of Pirates: High Seas Adventures', 'Set sail for high seas adventures in the golden age of pirates.', 'English', 168, 'Pirate Captain', 'Maritime Artistry', 'Pirate Comics', 'Adventure, Swashbuckling', 9781660000005, 'https://example.com/comic171.jpg', 2.70, 5.99),
    (172, 'The Arcane Chronicles: Magic Unleashed', 'Witness the power of magic unleashed in an enchanting world.', 'English', 140, 'Mage Enchanter', 'Magical Illustrations', 'Arcane Comics', 'Fantasy, Magic', 9781660000006, 'https://example.com/comic172.jpg', 2.25, 4.99),
    (173, 'Alien Encounters: Extraterrestrial Mysteries', 'Encounter extraterrestrial mysteries and unexplained phenomena from the stars.', 'English', 150, 'UFO Investigator', 'Extraterrestrial Artistry', 'Alien Comics', 'Sci-Fi, Extraterrestrial', 9781660000007, 'https://example.com/comic173.jpg', 2.45, 4.99),
    (174, 'Realm of Heroes: Legendary Quest', 'Embark on a legendary quest in a world of heroes and villains.', 'English', 166, 'Heroic Adventurer', 'Comic Artistry', 'Hero Comics', 'Superhero, Adventure', 9781660000008, 'https://example.com/comic174.jpg', 2.60, 5.49),
    (175, 'City of Shadows: Noir Detective Tales', 'Explore the city of shadows in noir detective tales filled with mystery.', 'English', 158, 'Noir Detective', 'Noir Artistry', 'Shadowy Comics', 'Mystery, Noir', 9781660000009, 'https://example.com/comic175.jpg', 2.35, 4.99),
    (176, 'Chaos in the Multiverse: Reality Collide', 'Experience a cataclysmic collision of dimensions.', 'English', 144, 'Dimension Traveler', 'Multiverse Artworks', 'Reality Comics', 'Sci-Fi, Adventure', 9788888888888, 'https://example.com/comic84.jpg', 2.30, 4.75),
    (177, 'Lost Kingdoms: Chronicles of a Fallen Empire', 'Discover the history of a lost civilization and its secrets.', 'English', 138, 'Kingdom Historian', 'Ancient Chronicles', 'Empire Publications', 'Fantasy, Adventure', 9787777777777, 'https://example.com/comic85.jpg', 2.15, 4.50);






INSERT INTO apparel (apparel_id, apparel_title, material, collar_style, care_instructions, brand, decoration_method)
VALUES
    (3, 'Mario & Luigi 8-Bit Adventure T-Shirt', 'Cotton', 'Crew Neck', 'Machine wash cold, tumble dry low', 'PixelCraft', 'Screen Printing', 45.99, 91.98),
    (9, 'Pac-Man Retro Gamer Shorts', 'Polyester', 'Elastic Waist', 'Machine wash warm, do not iron', 'NostalgiaWear', 'Sublimation Printing', 68.75, 137.50),
    (11, 'Spider-Man Superhero Comic Jeans', 'Denim', 'Straight Leg', 'Wash separately, hang to dry', 'HeroWear', 'Embroidery', 55.50, 111.00),
    (16, 'Goku Anime Fan Knit Sweater', 'Wool Blend', 'V-Neck', 'Dry clean only', 'OtakuStyle', 'Knitting', 33.75, 67.50),
    (19, 'SpongeBob Cartoon Hooded Jacket', 'Polyester Blend', 'Hooded', 'Machine wash cold, do not bleach', 'ToonWear', 'Heat Transfer', 49.50, 99.00);





INSERT INTO apparel_variation (apparel_id, inventory_id, color, size, gender, cost, sales_price)
VALUES
    (3, 21, 'Black', 'S', 'Men', 23.00, 45.99),
    (3, 22, 'Black', 'M', 'Men', 23.00, 45.99),
    (3, 23, 'Black', 'L', 'Men', 23.00, 45.99),
    (3, 24, 'Black', 'XL', 'Men', 23.00, 45.99),
    (3, 25, 'Black', 'S', 'Women', 23.00, 45.99),
    (3, 26, 'Black', 'M', 'Women', 23.00, 45.99),
    (3, 27, 'Black', 'L', 'Women', 23.00, 45.99),
    (3, 28, 'Black', 'XL', 'Women', 23.00, 45.99),
    (3, 52, 'Red', 'S', 'Men', 23.00, 45.99),
    (3, 53, 'Red', 'M', 'Men', 23.00, 45.99),
    (3, 54, 'Red', 'L', 'Men', 23.00, 45.99),
    (3, 55, 'Red', 'XL', 'Men', 23.00, 45.99),
    (3, 56, 'Red', 'S', 'Women', 23.00, 45.99),
    (3, 57, 'Red', 'M', 'Women', 23.00, 45.99),
    (3, 58, 'Red', 'L', 'Women', 23.00, 45.99),
    (3, 59, 'Red', 'XL', 'Women', 23.00, 45.99),
    (3, 92, 'Green', 'S', 'Men', 23.00, 45.99),
    (3, 93, 'Green', 'M', 'Men', 23.00, 45.99),
    (3, 94, 'Green', 'L', 'Men', 23.00, 45.99),
    (3, 95, 'Green', 'XL', 'Men', 23.00, 45.99),
    (3, 96, 'Green', 'S', 'Women', 23.00, 45.99),
    (3, 97, 'Green', 'M', 'Women', 23.00, 45.99),
    (3, 98, 'Green', 'L', 'Women', 23.00, 45.99),
    (3, 99, 'Green', 'XL', 'Women', 23.00, 45.99),
    (9, 29, 'Yellow', 'S', 'Men', 34.38, 68.75),
    (9, 30, 'Yellow', 'M', 'Men', 34.38, 68.75),
    (9, 31, 'Yellow', 'L', 'Men', 34.38, 68.75),
    (9, 32, 'Yellow', 'XL', 'Men', 34.38, 68.75),
    (9, 33, 'Yellow', 'S', 'Women', 34.38, 68.75),
    (9, 34, 'Yellow', 'M', 'Women', 34.38, 68.75),
    (9, 35, 'Yellow', 'L', 'Women', 34.38, 68.75),
    (9, 36, 'Yellow', 'XL', 'Women', 34.38, 68.75),
    (9, 60, 'Blue', 'S', 'Men', 34.38, 68.75),
    (9, 61, 'Blue', 'M', 'Men', 34.38, 68.75),
    (9, 62, 'Blue', 'L', 'Men', 34.38, 68.75),
    (9, 63, 'Blue', 'XL', 'Men', 34.38, 68.75),
    (9, 64, 'Blue', 'S', 'Women', 34.38, 68.75),
    (9, 65, 'Blue', 'M', 'Women', 34.38, 68.75),
    (9, 66, 'Blue', 'L', 'Women', 34.38, 68.75),
    (9, 67, 'Blue', 'XL', 'Women', 34.38, 68.75),
    (11, 37, 'Blue', 'S', 'Men', 27.75, 55.50),
    (11, 38, 'Blue', 'M', 'Men', 27.75, 55.50),
    (11, 39, 'Blue', 'L', 'Men', 27.75, 55.50),
    (11, 40, 'Blue', 'XL', 'Men', 27.75, 55.50),
    (11, 41, 'Blue', 'S', 'Women', 27.75, 55.50),
    (11, 42, 'Blue', 'M', 'Women', 27.75, 55.50),
    (11, 43, 'Blue', 'L', 'Women', 27.75, 55.50),
    (11, 44, 'Blue', 'XL', 'Women', 27.75, 55.50),
    (11, 68, 'Green', 'S', 'Men', 27.75, 55.50),
    (11, 69, 'Green', 'M', 'Men', 27.75, 55.50),
    (11, 70, 'Green', 'L', 'Men', 27.75, 55.50),
    (11, 71, 'Green', 'XL', 'Men', 27.75, 55.50),
    (11, 72, 'Green', 'S', 'Women', 27.75, 55.50),
    (11, 73, 'Green', 'M', 'Women', 27.75, 55.50),
    (11, 74, 'Green', 'L', 'Women', 27.75, 55.50),
    (11, 75, 'Green', 'XL', 'Women', 27.75, 55.50),
    (11, 108, 'Red', 'S', 'Men', 27.75, 55.50),
    (11, 109, 'Red', 'M', 'Men', 27.75, 55.50),
    (11, 110, 'Red', 'L', 'Men', 27.75, 55.50),
    (11, 111, 'Red', 'XL', 'Men', 27.75, 55.50),
    (11, 112, 'Red', 'S', 'Women', 27.75, 55.50),
    (11, 113, 'Red', 'M', 'Women', 27.75, 55.50),
    (11, 114, 'Red', 'L', 'Women', 27.75, 55.50),
    (11, 115, 'Red', 'XL', 'Women', 27.75, 55.50),
    (16, 45, 'Orange', 'S', 'Men', 16.88, 33.75),
    (16, 46, 'Orange', 'M', 'Men', 16.88, 33.75),
    (16, 47, 'Orange', 'L', 'Men', 16.88, 33.75),
    (16, 48, 'Orange', 'XL', 'Men', 16.88, 33.75),
    (16, 49, 'Orange', 'S', 'Women', 16.88, 33.75),
    (16, 50, 'Orange', 'M', 'Women', 16.88, 33.75),
    (16, 51, 'Orange', 'L', 'Women', 16.88, 33.75),
    (16, 76, 'Blue', 'S', 'Men', 16.88, 33.75),
    (16, 77, 'Blue', 'M', 'Men', 16.88, 33.75),
    (16, 78, 'Blue', 'L', 'Men', 16.88, 33.75),
    (16, 79, 'Blue', 'XL', 'Men', 16.88, 33.75),
    (16, 80, 'Blue', 'S', 'Women', 16.88, 33.75),
    (16, 81, 'Blue', 'M', 'Women', 16.88, 33.75),
    (16, 82, 'Blue', 'L', 'Women', 16.88, 33.75),
    (16, 83, 'Blue', 'XL', 'Women', 16.88, 33.75),
    (16, 116, 'Black', 'S', 'Men', 16.88, 33.75),
    (16, 117, 'Black', 'M', 'Men', 16.88, 33.75),
    (16, 118, 'Black', 'L', 'Men', 16.88, 33.75),
    (16, 119, 'Black', 'XL', 'Men', 16.88, 33.75),
    (16, 120, 'Black', 'S', 'Women', 16.88, 33.75),
    (16, 121, 'Black', 'M', 'Women', 16.88, 33.75),
    (16, 122, 'Black', 'L', 'Women', 16.88, 33.75),
    (16, 123, 'Black', 'XL', 'Women', 16.88, 33.75),
    (19, 84, 'Yellow', 'S', 'Men', 24.75, 49.50),
    (19, 85, 'Yellow', 'M', 'Men', 24.75, 49.50),
    (19, 86, 'Yellow', 'L', 'Men', 24.75, 49.50),
    (19, 87, 'Yellow', 'XL', 'Men', 24.75, 49.50),
    (19, 88, 'Yellow', 'S', 'Women', 24.75, 49.50),
    (19, 89, 'Yellow', 'M', 'Women', 24.75, 49.50),
    (19, 90, 'Yellow', 'L', 'Women', 24.75, 49.50),
    (19, 91, 'Yellow', 'XL', 'Women', 24.75, 49.50),
    (19, 124, 'Gray', 'S', 'Men', 24.75, 49.50),
    (19, 125, 'Gray', 'M', 'Men', 24.75, 49.50),
    (19, 126, 'Gray', 'L', 'Men', 24.75, 49.50),
    (19, 127, 'Gray', 'XL', 'Men', 24.75, 49.50),
    (19, 128, 'Gray', 'S', 'Women', 24.75, 49.50),
    (19, 129, 'Gray', 'M', 'Women', 24.75, 49.50),
    (19, 130, 'Gray', 'L', 'Women', 24.75, 49.50),
    (19, 131, 'Gray', 'XL', 'Women', 24.75, 49.50),
    (19, 132, 'Purple', 'S', 'Men', 24.75, 49.50),
    (19, 133, 'Purple', 'M', 'Men', 24.75, 49.50),
    (19, 134, 'Purple', 'L', 'Men', 24.75, 49.50),
    (19, 135, 'Purple', 'XL', 'Men', 24.75, 49.50),
    (19, 136, 'Purple', 'S', 'Women', 24.75, 49.50),
    (19, 137, 'Purple', 'M', 'Women', 24.75, 49.50),
    (19, 138, 'Purple', 'L', 'Women', 24.75, 49.50),
    (19, 139, 'Purple', 'XL', 'Women', 24.75, 49.50);






INSERT INTO inventory (inventory_id, category, quantity_on_hand, quantity_on_order, last_updated, location_id, reorder_point, maximum_stock, supplier_id)
VALUES
    (1, 'boardgame', 25, 5, '2019-01-01 12:01:00', 1, 10, 20, 1),
    (2, 'comic', 100, 0, '2019-01-01 12:01:00', 1, 5, 50, 2),
    (4, 'boardgame', 30, 0, '2019-01-01 12:01:00', 1, 15, 20, 1),
    (5, 'boardgame', 40, 10, '2019-01-01 12:01:00', 1, 20, 20, 2),
    (6, 'boardgame', 60, 0, '2019-01-01 12:01:00', 1, 30, 20, 3),
    (7, 'comic', 75, 25, '2019-01-01 12:01:00', 1, 10, 100, 1),
    (8, 'boardgame', 20, 0, '2019-01-01 12:01:00', 1, 10, 20, 2),
    (10, 'boardgame', 45, 15, '2019-01-01 12:01:00', 1, 25, 20, 1),
    (12, 'boardgame', 22, 2, '2019-01-01 12:01:00', 1, 12, 20, 3),
    (13, 'boardgame', 33, 0, '2019-01-01 12:01:00', 1, 20, 20, 1),
    (14, 'comic', 80, 10, '2019-01-01 12:01:00', 1, 5, 100, 2),
    (15, 'boardgame', 38, 8, '2019-01-01 12:01:00', 1, 15, 20, 3),
    (17, 'boardgame', 28, 7, '2019-01-01 12:01:00', 1, 14, 20, 2),
    (18, 'boardgame', 52, 2, '2019-01-01 12:01:00', 1, 26, 20, 3),
    (20, 'comic', 90, 5, '2019-01-01 12:01:00', 1, 10, 100, 2),
    ('apparel', 4, 0, '2019-01-01 12:01:00', 1, 2, 10, 4),
    ('apparel', 6, 0, '2019-01-01 12:01:00', 1, 2, 10, 4),
    ('apparel', 5, 0, '2019-01-01 12:01:00', 1, 2, 10, 4),
    ('apparel', 3, 0, '2019-01-01 12:01:00', 1, 2, 8, 4),
    ('apparel', 7, 0, '2019-01-01 12:01:00', 1, 2, 10, 4),
    ('apparel', 4, 0, '2019-01-01 12:01:00', 1, 2, 10, 4),
    ('apparel', 8, 0, '2019-01-01 12:01:00', 1, 2, 10, 4),
    ('apparel', 5, 0, '2019-01-01 12:01:00', 1, 2, 8, 4),
    ('apparel', 4, 0, '2019-01-01 12:01:00', 1, 2, 10, 4),
    ('apparel', 6, 0, '2019-01-01 12:01:00', 1, 2, 10, 4),
    ('apparel', 5, 0, '2019-01-01 12:01:00', 1, 2, 10, 4),
    ('apparel', 3, 0, '2019-01-01 12:01:00', 1, 2, 8, 4),
    ('apparel', 7, 0, '2019-01-01 12:01:00', 1, 2, 10, 4),
    ('apparel', 4, 0, '2019-01-01 12:01:00', 1, 2, 10, 4),
    ('apparel', 8, 0, '2019-01-01 12:01:00', 1, 2, 10, 4),
    ('apparel', 5, 0, '2019-01-01 12:01:00', 1, 2, 8, 4),
    ('apparel', 4, 0, '2019-01-01 12:01:00', 1, 2, 10, 4),
    ('apparel', 6, 0, '2019-01-01 12:01:00', 1, 2, 10, 4),
    ('apparel', 5, 0, '2019-01-01 12:01:00', 1, 2, 10, 4),
    ('apparel', 3, 0, '2019-01-01 12:01:00', 1, 2, 8, 4),
    ('apparel', 7, 0, '2019-01-01 12:01:00', 1, 2, 10, 4),
    ('apparel', 4, 0, '2019-01-01 12:01:00', 1, 2, 10, 4),
    ('apparel', 8, 0, '2019-01-01 12:01:00', 1, 2, 10, 4),
    ('apparel', 5, 0, '2019-01-01 12:01:00', 1, 2, 8, 4),
    ('apparel', 4, 0, '2019-01-01 12:01:00', 1, 2, 10, 4),
    ('apparel', 6, 0, '2019-01-01 12:01:00', 1, 2, 10, 4),
    ('apparel', 5, 0, '2019-01-01 12:01:00', 1, 2, 10, 4),
    ('apparel', 3, 0, '2019-01-01 12:01:00', 1, 2, 8, 4),
    ('apparel', 7, 0, '2019-01-01 12:01:00', 1, 2, 10, 4),
    ('apparel', 4, 0, '2019-01-01 12:01:00', 1, 2, 10, 4),
    ('apparel', 8, 0, '2019-01-01 12:01:00', 1, 2, 10, 4),
    ('apparel', 5, 0, '2019-01-01 12:01:00', 1, 2, 8, 4),
    ('apparel', 4, 0, '2019-01-01 12:01:00', 1, 2, 10, 4),
    ('apparel', 6, 0, '2019-01-01 12:01:00', 1, 2, 10, 4),
    ('apparel', 5, 0, '2019-01-01 12:01:00', 1, 2, 10, 4),
    ('apparel', 3, 0, '2019-01-01 12:01:00', 1, 2, 8, 4),
    ('apparel', 7, 0, '2019-01-01 12:01:00', 1, 2, 10, 4),
    ('apparel', 4, 0, '2019-01-01 12:01:00', 1, 2, 10, 4),
    ('apparel', 8, 0, '2019-01-01 12:01:00', 1, 2, 10, 4),
    ('apparel', 5, 0, '2019-01-01 12:01:00', 1, 2, 8, 4),
    ('apparel', 4, 0, '2019-01-01 12:01:00', 1, 2, 10, 4),
    ('apparel', 6, 0, '2019-01-01 12:01:00', 1, 2, 10, 4),
    ('apparel', 5, 0, '2019-01-01 12:01:00', 1, 2, 10, 4),
    ('apparel', 3, 0, '2019-01-01 12:01:00', 1, 2, 8, 4),
    ('apparel', 7, 0, '2019-01-01 12:01:00', 1, 2, 10, 4),
    ('apparel', 4, 0, '2019-01-01 12:01:00', 1, 2, 10, 4),
    ('apparel', 8, 0, '2019-01-01 12:01:00', 1, 2, 10, 4),
    ('apparel', 5, 0, '2019-01-01 12:01:00', 1, 2, 8, 4),
    ('apparel', 4, 0, '2019-01-01 12:01:00', 1, 2, 10, 4),
    ('apparel', 6, 0, '2019-01-01 12:01:00', 1, 2, 10, 4),
    ('apparel', 5, 0, '2019-01-01 12:01:00', 1, 2, 10, 4),
    ('apparel', 3, 0, '2019-01-01 12:01:00', 1, 2, 8, 4),
    ('apparel', 7, 0, '2019-01-01 12:01:00', 1, 2, 10, 4),
    ('apparel', 4, 0, '2019-01-01 12:01:00', 1, 2, 10, 4),
    ('apparel', 8, 0, '2019-01-01 12:01:00', 1, 2, 10, 4),
    ('apparel', 5, 0, '2019-01-01 12:01:00', 1, 2, 8, 4),
    ('apparel', 4, 0, '2019-01-01 12:01:00', 1, 2, 10, 4),
    ('apparel', 6, 0, '2019-01-01 12:01:00', 1, 2, 10, 4),
    ('apparel', 5, 0, '2019-01-01 12:01:00', 1, 2, 10, 4),
    ('apparel', 3, 0, '2019-01-01 12:01:00', 1, 2, 8, 4),
    ('apparel', 7, 0, '2019-01-01 12:01:00', 1, 2, 10, 4),
    ('apparel', 4, 0, '2019-01-01 12:01:00', 1, 2, 10, 4),
    ('apparel', 8, 0, '2019-01-01 12:01:00', 1, 2, 10, 4),
    ('apparel', 5, 0, '2019-01-01 12:01:00', 1, 2, 8, 4),
    ('apparel', 4, 0, '2019-01-01 12:01:00', 1, 2, 10, 4),
    ('apparel', 6, 0, '2019-01-01 12:01:00', 1, 2, 10, 4),
    ('apparel', 5, 0, '2019-01-01 12:01:00', 1, 2, 10, 4),
    ('apparel', 3, 0, '2019-01-01 12:01:00', 1, 2, 8, 4),
    ('apparel', 7, 0, '2019-01-01 12:01:00', 1, 2, 10, 4),
    ('apparel', 4, 0, '2019-01-01 12:01:00', 1, 2, 10, 4),
    ('apparel', 8, 0, '2019-01-01 12:01:00', 1, 2, 10, 4),
    ('apparel', 5, 0, '2019-01-01 12:01:00', 1, 2, 8, 4),
    ('apparel', 4, 0, '2019-01-01 12:01:00', 1, 2, 10, 4),
    ('apparel', 6, 0, '2019-01-01 12:01:00', 1, 2, 10, 4),
    ('apparel', 5, 0, '2019-01-01 12:01:00', 1, 2, 10, 4),
    ('apparel', 3, 0, '2019-01-01 12:01:00', 1, 2, 8, 4),
    ('apparel', 7, 0, '2019-01-01 12:01:00', 1, 2, 10, 4),
    ('apparel', 4, 0, '2019-01-01 12:01:00', 1, 2, 10, 4),
    ('apparel', 8, 0, '2019-01-01 12:01:00', 1, 2, 10, 4),
    ('apparel', 5, 0, '2019-01-01 12:01:00', 1, 2, 8, 4),
    ('apparel', 4, 0, '2019-01-01 12:01:00', 1, 2, 10, 4),
    ('apparel', 6, 0, '2019-01-01 12:01:00', 1, 2, 10, 4),
    ('apparel', 5, 0, '2019-01-01 12:01:00', 1, 2, 10, 4),
    ('apparel', 3, 0, '2019-01-01 12:01:00', 1, 2, 8, 4),
    ('apparel', 7, 0, '2019-01-01 12:01:00', 1, 2, 10, 4),
    ('apparel', 4, 0, '2019-01-01 12:01:00', 1, 2, 10, 4),
    ('apparel', 8, 0, '2019-01-01 12:01:00', 1, 2, 10, 4),
    ('apparel', 5, 0, '2019-01-01 12:01:00', 1, 2, 8, 4),
    ('apparel', 4, 0, '2019-01-01 12:01:00', 1, 2, 10, 4),
    ('apparel', 6, 0, '2019-01-01 12:01:00', 1, 2, 10, 4),
    ('apparel', 5, 0, '2019-01-01 12:01:00', 1, 2, 10, 4),
    ('apparel', 3, 0, '2019-01-01 12:01:00', 1, 2, 8, 4),
    ('apparel', 7, 0, '2019-01-01 12:01:00', 1, 2, 10, 4),
    ('apparel', 4, 0, '2019-01-01 12:01:00', 1, 2, 10, 4),
    ('apparel', 8, 0, '2019-01-01 12:01:00', 1, 2, 10, 4),
    ('apparel', 5, 0, '2019-01-01 12:01:00', 1, 2, 8, 4),
    ('apparel', 4, 0, '2019-01-01 12:01:00', 1, 2, 10, 4),
    ('apparel', 6, 0, '2019-01-01 12:01:00', 1, 2, 10, 4),
    ('apparel', 5, 0, '2019-01-01 12:01:00', 1, 2, 10, 4),
    ('apparel', 3, 0, '2019-01-01 12:01:00', 1, 2, 8, 4),
    ('apparel', 7, 0, '2019-01-01 12:01:00', 1, 2, 10, 4),
    ('apparel', 4, 0, '2019-01-01 12:01:00', 1, 2, 10, 4),
    ('apparel', 8, 0, '2019-01-01 12:01:00', 1, 2, 10, 4),
    ('apparel', 5, 0, '2019-01-01 12:01:00', 1, 2, 8, 4),
    ('apparel', 4, 0, '2019-01-01 12:01:00', 1, 2, 10, 4),
    ('apparel', 6, 0, '2019-01-01 12:01:00', 1, 2, 10, 4),
    ('apparel', 5, 0, '2019-01-01 12:01:00', 1, 2, 10, 4),
    ('apparel', 3, 0, '2019-01-01 12:01:00', 1, 2, 8, 4),
    ('apparel', 7, 0, '2019-01-01 12:01:00', 1, 2, 10, 4),
    ('apparel', 4, 0, '2019-01-01 12:01:00', 1, 2, 10, 4),
    ('apparel', 8, 0, '2019-01-01 12:01:00', 1, 2, 10, 4),
    ('apparel', 5, 0, '2019-01-01 12:01:00', 1, 2, 8, 4),
    ('apparel', 5, 0, '2019-01-01 12:01:00', 1, 2, 10, 4),
    ('apparel', 3, 0, '2019-01-01 12:01:00', 1, 2, 8, 4),
    ('apparel', 7, 0, '2019-01-01 12:01:00', 1, 2, 10, 4),
    ('apparel', 4, 0, '2019-01-01 12:01:00', 1, 2, 10, 4),
    ('apparel', 8, 0, '2019-01-01 12:01:00', 1, 2, 10, 4),
    ('apparel', 5, 0, '2019-01-01 12:01:00', 1, 2, 8, 4),
    ('apparel', 5, 0, '2019-01-01 12:01:00', 1, 2, 8, 4);